,summary_data_participate,summary_data_nonParticipate,,,
minimum,249.86,139.69,,,
first quartiles,368.51,290.3975,,,
median,428.74,361.02,,,
mean,431.3996,346.7990909,,,
third quartiles,477.96,422.5675,,,
maximum,635.21,503.46,,,36.17096302
standard deviation,105.7012362,99.50113605,,,431.3996
,11172.75133,9900.476075,,,395.228637
,446.9100532,450.0216398,,,467.570563
,896.9316929,29.94881789,,,
,84.60050909,2.824836339,,,